sblock_id,pop_n_family,pop_n_individuals,pop_f_below_1,pop_m_below_1,pop_f_1_to_4,pop_m_1_to_5,pop_f_5_to_11,pop_m_5_to_11,pop_f_12_to_17,pop_m_12_to_17,pop_f_18_to_59,pop_m_18_to_59,pop_f_60_plus,pop_m_60_plus
CXB-017_A146_01,169,819,10,5,49,38,107,105,56,67,200,150,15,16
CXB-017_A146_02,90,437,5,3,26,21,57,56,30,36,107,80,8,9
CXB-017_A146_03,71,343,4,2,21,16,45,44,23,28,84,63,6,7
CXB-017_A146_04,80,387,5,2,23,18,50,50,26,32,94,71,7,8
CXB-017_A146_05,87,420,5,3,25,20,55,54,29,34,103,77,8,8
CXB-017_A146_06,27,130,2,1,8,6,17,17,9,11,32,24,2,3
CXB-017_B147_01,93,454,4,6,23,26,56,57,33,35,115,85,7,8
CXB-017_B147_02,79,385,3,5,19,22,48,48,28,29,97,72,6,7
CXB-017_B147_03,197,964,8,14,48,56,120,120,69,73,244,180,15,16
CXB-017_B147_04,172,842,7,12,42,49,105,105,61,64,213,157,13,14
CXB-017_B147_05,92,450,4,6,22,26,56,56,32,34,114,84,7,8
CXB-017_B147_06,91,446,4,6,22,26,56,56,32,34,113,83,7,8
CXB-017_B147_07,74,362,3,5,18,21,45,45,26,28,91,68,6,6
CXB-025_A148_01,213,904,14,15,58,55,103,93,61,67,226,174,19,19
CXB-025_A148_02,290,1234,19,20,79,75,141,127,84,92,308,238,26,26
CXB-025_A148_03,97,411,6,7,26,25,47,42,28,31,103,79,9,9
CXB-025_B149_01,201,802,14,12,52,53,93,92,47,53,205,150,13,16
CXB-025_B149_02,237,944,17,15,61,63,110,109,56,63,241,177,15,18
CXB-025_B149_03,337,1344,23,21,87,90,156,155,79,90,344,252,22,26
CXB-025_C150_01,553,2294,38,33,128,133,238,269,170,162,569,463,41,50
CXB-025_D151_01,362,1607,18,20,101,111,184,193,112,123,399,291,22,30
CXB-025_D151_02,394,1752,20,22,110,122,201,210,123,134,435,317,24,33
CXB-025_D151_03,266,1183,14,15,75,82,136,142,83,91,294,214,16,22
CXB-025_D151_04,161,714,8,9,45,50,82,86,50,55,177,129,10,14
CXB-025_D151_05,163,725,8,9,46,50,83,87,51,56,180,131,10,14
CXB-025_D151_06,118,524,6,7,33,36,60,63,37,40,130,95,7,10
CXB-025_D151_07,93,413,5,5,26,29,47,50,29,32,103,75,6,8
CXB-025_E152_01,197,858,13,9,55,56,96,100,61,65,219,155,12,16
CXB-025_E152_02,282,1224,18,13,79,79,138,143,86,93,312,222,17,23
CXB-025_E152_03,218,947,14,10,61,61,106,111,67,72,241,172,13,18
CXB-025_E152_04,179,777,12,8,50,50,87,91,55,59,198,141,11,15
CXB-025_E152_05,72,313,5,3,20,20,35,37,22,24,80,57,4,6
CXB-025_E152_06,56,241,4,3,16,16,27,28,17,18,61,44,3,5
CXB-025_E152_07,49,214,3,2,14,14,24,25,15,16,55,39,3,4
CXB-025_F153_01,36,161,4,6,12,10,15,21,10,12,39,29,2,1
CXB-025_F153_02,67,303,8,11,22,20,29,39,19,23,74,54,3,2
CXB-025_F153_03,21,95,2,4,7,6,9,12,6,7,23,17,1,1
CXB-025_F153_04,27,124,3,5,9,8,12,16,8,9,30,22,1,1
CXB-025_F153_05,33,148,4,6,11,10,14,19,9,11,36,26,1,1
CXB-025_F153_06,19,85,2,3,6,5,8,11,5,6,21,15,1,0
CXB-025_F153_07,3,15,0,1,1,1,1,2,1,1,4,3,0,0
CXB-025_G154_01,16,72,3,4,4,4,7,8,4,4,17,15,1,1
CXB-025_G154_02,23,101,4,5,6,6,10,12,5,6,24,21,1,2
CXB-025_G154_03,12,55,2,3,3,3,5,6,3,3,13,11,0,1
CXB-025_G154_04,22,98,4,5,6,6,9,11,5,6,23,20,1,2
CXB-025_G154_05,4,20,1,1,1,1,2,2,1,1,5,4,0,0
CXB-025_G154_06,4,18,1,1,1,1,2,2,1,1,4,4,0,0
CXB-025_G154_07,6,26,1,1,2,2,2,3,1,2,6,5,0,0
CXB-025_H155_01,644,2676,27,27,181,150,299,314,191,189,690,508,44,56
CXB-025_H155_03,240,997,10,10,68,56,111,117,71,71,257,189,16,21
CXB-025_H155_04,24,100,1,1,7,6,11,12,7,7,26,19,2,2
CXB-025_H155_05,36,150,2,2,10,8,17,18,11,11,39,28,2,3
CXB-025_H155_06,28,116,1,1,8,7,13,14,8,8,30,22,2,2
CXB-025_H155_07,140,582,6,6,39,33,65,68,41,41,150,110,10,12
CXB-025_I156_03,124,541,7,8,31,37,61,66,35,39,135,105,8,10
CXB-025_I156_04,223,972,12,14,56,66,109,118,63,70,242,189,14,19
CXB-025_I156_05,246,1070,13,15,62,73,121,130,70,77,266,208,15,21
CXB-025_I156_06,317,1377,17,19,80,93,155,168,90,99,343,267,20,27
CXB-025_I156_07,73,320,4,5,18,22,36,39,21,23,80,62,5,6
CXB-025_I156_08,240,1045,13,15,60,71,118,127,68,75,260,203,15,20
CXB-032_A136_01,126,572,7,6,34,39,69,75,41,41,137,103,11,9
CXB-032_A136_02,86,388,5,4,23,26,47,51,28,28,93,70,7,6
CXB-032_A136_03,84,382,5,4,23,26,46,50,28,27,91,69,7,6
CXB-032_A136_04,164,744,10,8,45,51,90,97,54,53,178,134,14,12
CXB-032_A136_05,185,840,11,9,50,57,101,110,61,60,201,151,16,14
CXB-032_A136_06,132,598,8,7,36,41,72,78,43,42,143,108,11,10
CXB-032_B137_01,55,236,3,2,15,18,30,29,15,16,60,40,3,5
CXB-032_B137_02,68,292,3,2,18,22,37,36,19,19,75,50,4,7
CXB-032_B137_03,113,487,6,4,30,37,62,60,32,32,124,83,7,11
CXB-032_B137_04,205,881,10,7,54,68,112,108,57,58,225,151,12,20
CXB-032_B137_05,176,753,9,6,46,58,96,92,49,49,192,129,10,17
CXB-032_B137_06,266,1143,13,9,71,88,145,140,74,75,292,196,16,26
CXB-037_A157_01,105,491,4,5,28,25,54,58,32,36,125,105,9,10
CXB-037_A157_02,193,905,7,9,51,47,100,108,58,66,231,194,17,18
CXB-037_A157_03,110,517,4,5,29,27,57,62,33,38,132,111,9,10
CXB-037_A157_04,61,286,2,3,16,15,32,34,18,21,73,61,5,6
CXB-037_A157_05,92,430,3,4,24,22,47,51,28,31,110,92,8,9
CXB-037_B158_01,152,677,5,8,41,40,80,79,47,50,172,129,10,16
CXB-037_B158_02,121,539,4,6,33,32,64,63,37,40,137,103,8,13
CXB-037_B158_03,129,576,4,7,35,34,68,68,40,42,146,110,8,14
CXB-037_B158_04,83,369,3,4,22,22,43,43,25,27,94,70,5,9
CXB-037_B158_05,93,415,3,5,25,25,49,49,29,30,105,79,6,10
CXB-037_B158_06,88,392,3,5,24,23,46,46,27,29,100,75,6,9
CXB-037_B158_07,100,447,3,5,27,27,53,52,31,33,114,85,6,11
CXB-037_B158_08,111,493,4,6,30,29,58,58,34,36,125,94,7,12
CXB-037_C159_01,177,810,9,8,47,47,89,96,57,64,204,161,13,16
CXB-037_C159_02,132,601,7,6,35,35,66,72,42,47,151,119,9,12
CXB-037_C159_03,110,501,6,5,29,29,55,60,35,39,126,99,8,10
CXB-037_C159_04,271,1238,14,12,72,72,136,147,86,97,312,245,19,25
CXB-085_A132_01,308,1550,21,20,86,86,189,210,103,118,362,301,25,30
CXB-085_A132_02,131,658,9,8,36,37,80,89,44,50,154,128,11,13
CXB-085_A132_03,169,851,11,11,47,47,104,115,56,65,199,165,14,16
CXB-085_A132_04,163,819,11,10,45,45,100,111,54,62,191,159,13,16
CXB-085_A132_05,349,1757,23,22,97,98,214,238,117,133,410,341,29,34
CXB-085_B133_01,121,600,6,7,35,33,70,74,42,46,145,119,10,13
CXB-085_B133_02,192,953,10,11,55,53,111,118,67,74,230,189,15,21
CXB-085_B133_03,86,428,5,5,25,24,50,53,30,33,103,85,7,9
CXB-085_B133_04,170,843,9,9,49,47,98,104,59,65,203,167,14,18
CXB-085_B133_05,314,1562,17,18,90,87,181,194,110,121,377,309,25,34
CXB-085_B133_06,205,1020,11,11,59,57,118,126,72,79,246,202,16,22
CXB-085_B133_07,241,1196,13,13,69,67,139,148,84,93,289,237,19,26
CXB-085_C134_01,371,1786,25,26,102,108,205,219,126,131,425,354,26,38
CXB-085_C134_02,236,1136,16,17,65,69,130,139,80,84,270,225,17,24
CXB-085_C134_03,67,322,5,5,18,20,37,40,23,24,77,64,5,7
CXB-085_C134_04,72,345,5,5,20,21,40,42,24,25,82,68,5,7
CXB-085_C134_05,262,1261,18,18,72,76,145,155,89,93,300,250,18,27
CXB-085_D135_01,268,1336,18,23,72,80,163,158,94,98,315,265,20,30
CXB-085_D135_02,129,643,9,11,35,38,79,76,45,47,152,128,10,14
CXB-085_D135_03,216,1079,15,18,58,64,132,128,76,79,254,214,16,24
CXB-085_D135_04,204,1016,14,17,55,61,124,120,72,74,240,202,15,22
CXB-089_B169_XX,NA,NA,NA,NA,NA,NA,NA,NA,NA,NA,NA,NA,NA,NA
CXB-089_C170_XX,NA,NA,NA,NA,NA,NA,NA,NA,NA,NA,NA,NA,NA,NA
CXB-089_D171_XX,NA,NA,NA,NA,NA,NA,NA,NA,NA,NA,NA,NA,NA,NA
CXB-089_E172_XX,NA,NA,NA,NA,NA,NA,NA,NA,NA,NA,NA,NA,NA,NA
CXB-089_H173_XX,NA,NA,NA,NA,NA,NA,NA,NA,NA,NA,NA,NA,NA,NA
CXB-089_I174_XX,NA,NA,NA,NA,NA,NA,NA,NA,NA,NA,NA,NA,NA,NA
CXB-089_P168_XX,NA,NA,NA,NA,NA,NA,NA,NA,NA,NA,NA,NA,NA,NA
CXB-108_A127_XX,1156,5179,67,66,323,354,565,590,360,368,1259,1049,78,100
CXB-108_B128_XX,1188,5127,73,72,346,342,562,544,323,332,1258,1105,83,87
CXB-108_C129_XX,557,2074,32,22,152,140,225,233,109,94,539,469,24,35
CXB-201_A001_01,96,470,6,7,28,28,56,54,27,34,114,95,9,12
CXB-201_A001_02,229,1117,15,16,67,66,133,128,65,81,272,226,21,27
CXB-201_A001_03,214,1044,14,15,62,62,124,119,61,76,254,211,20,26
CXB-201_A001_04,151,737,10,11,44,44,88,84,43,54,179,149,14,18
CXB-201_A001_05,324,1579,21,23,94,94,188,180,92,115,384,319,30,39
CXB-201_A001_06,121,591,8,8,35,35,70,67,34,43,144,119,11,15
CXB-201_B002_01,233,1000,13,14,60,64,111,112,66,63,251,209,16,22
CXB-201_B002_02,176,753,10,10,45,48,83,85,50,47,189,157,12,16
CXB-201_B002_03,218,936,13,13,56,60,104,105,62,59,235,195,15,20
CXB-201_B002_04,71,306,4,4,18,20,34,34,20,19,77,64,5,7
CXB-201_B002_05,118,506,7,7,30,32,56,57,33,32,127,106,8,11
CXB-201_B002_06,154,659,9,9,39,42,73,74,43,41,165,138,11,14
CXB-201_B002_07,233,1000,13,14,60,64,111,112,66,63,251,209,16,22
CXB-201_B002_08,173,741,10,10,44,47,82,83,49,47,186,155,12,16
CXB-201_C003_01,197,889,11,14,45,55,97,103,53,72,216,186,17,20
CXB-201_C003_02,121,547,7,9,28,34,60,64,32,44,133,115,10,13
CXB-201_C003_03,167,750,9,12,38,46,82,87,45,60,182,157,14,17
CXB-201_C003_04,246,1109,14,18,56,68,121,129,66,89,270,233,21,25
CXB-201_C003_05,340,1533,19,24,77,94,167,178,91,123,373,322,29,35
CXB-201_C003_06,129,579,7,9,29,36,63,67,34,47,141,121,11,13
CXB-201_D004_01,325,1472,18,20,84,94,163,167,102,99,349,318,25,33
CXB-201_D004_02,241,1092,13,15,62,69,121,124,76,74,259,236,18,25
CXB-201_D004_03,197,891,11,12,51,57,99,101,62,60,211,192,15,20
CXB-201_D004_04,80,364,4,5,21,23,40,41,25,25,86,79,6,8
CXB-201_D004_05,152,690,8,9,39,44,76,78,48,47,164,149,12,16
CXB-201_D004_06,192,868,11,12,50,55,96,98,60,59,206,187,15,20
CXB-201_E005_01,149,659,10,9,38,39,71,73,42,47,164,140,11,15
CXB-201_E005_02,217,962,15,14,56,56,104,106,61,68,239,205,16,21
CXB-201_E005_03,204,903,14,13,53,53,97,100,57,64,225,192,15,20
CXB-201_E005_04,79,348,5,5,20,20,38,38,22,25,87,74,6,8
CXB-201_E005_05,201,888,13,13,52,52,96,98,56,63,221,189,15,20
CXB-201_E005_06,211,932,14,13,54,55,101,103,59,66,232,199,15,21
CXB-201_E005_07,137,607,9,9,35,36,66,67,39,43,151,129,10,13
CXB-201_F006_01,288,1267,18,16,69,83,137,141,81,83,320,269,22,29
CXB-201_F006_02,155,683,10,9,37,44,74,76,44,45,173,145,12,15
CXB-201_F006_03,176,775,11,10,42,50,84,86,50,51,196,164,13,17
CXB-201_F006_04,128,564,8,7,31,37,61,63,36,37,143,120,10,13
CXB-201_F006_05,155,683,10,9,37,44,74,76,44,45,173,145,12,15
CXB-201_F006_06,164,722,10,9,39,47,78,80,46,48,183,153,12,16
CXB-201_F006_07,161,709,10,9,38,46,77,79,45,47,179,150,12,16
CXB-201_G007_01,285,1248,16,21,75,76,149,151,72,84,308,251,19,27
CXB-201_G007_02,102,448,6,7,27,27,53,54,26,30,111,90,7,10
CXB-201_G007_03,163,712,9,12,43,44,85,86,41,48,176,143,11,15
CXB-201_G007_04,263,1150,15,19,69,70,137,139,66,78,284,231,18,25
CXB-201_G007_05,187,819,10,13,49,50,97,99,47,55,202,164,13,18
CXB-202_A008_01,105,494,8,6,28,29,51,62,33,34,123,100,9,11
CXB-202_A008_02,139,650,10,8,37,38,67,82,43,45,162,132,11,14
CXB-202_A008_03,168,786,13,10,45,46,81,99,52,54,196,159,14,17
CXB-202_A008_04,176,827,13,11,47,49,86,104,55,57,206,167,14,18
CXB-202_A008_05,175,822,13,11,47,48,85,104,54,56,205,166,14,18
CXB-202_A008_06,136,640,10,8,37,38,66,81,42,44,160,130,11,14
CXB-202_A008_07,85,398,6,5,23,23,41,50,26,27,99,81,7,8
CXB-202_A008_08,115,539,9,7,31,32,56,68,36,37,135,109,9,12
CXB-202_B009_01,170,777,9,12,44,39,86,95,50,56,195,160,15,15
CXB-202_B009_02,123,565,7,9,32,29,63,69,36,41,142,116,11,11
CXB-202_B009_03,194,886,11,14,50,45,98,109,57,64,223,182,17,17
CXB-202_B009_04,123,565,7,9,32,29,63,69,36,41,142,116,11,11
CXB-202_B009_05,137,625,7,10,36,32,69,77,40,45,157,129,12,12
CXB-202_B009_06,123,565,7,9,32,29,63,69,36,41,142,116,11,11
CXB-202_B009_07,198,904,11,14,51,46,100,111,58,65,227,186,17,18
CXB-202_B009_08,219,1002,12,16,57,51,111,123,64,72,252,206,19,19
CXB-202_C010_01,199,874,12,9,51,52,98,104,51,59,219,182,16,21
CXB-202_C010_02,231,1017,14,10,60,61,114,122,59,69,254,212,19,24
CXB-202_C010_03,184,808,11,8,47,48,90,97,47,55,202,168,15,19
CXB-202_C010_04,211,929,12,9,55,56,104,111,54,63,232,193,17,22
CXB-202_C010_05,200,879,12,9,52,53,98,105,51,59,220,183,16,21
CXB-202_C010_06,213,934,12,9,55,56,105,112,54,63,234,194,17,22
CXB-202_C010_07,195,857,11,9,50,51,96,103,50,58,214,178,16,20
CXB-202_D011_01,225,997,10,12,57,63,121,118,58,69,252,199,16,23
CXB-202_D011_02,270,1197,12,15,68,76,146,141,70,83,302,239,19,27
CXB-202_D011_03,158,701,7,9,40,44,85,83,41,49,177,140,11,16
CXB-202_D011_04,237,1051,10,13,60,66,128,124,61,73,266,210,17,24
CXB-202_D011_05,202,895,9,11,51,57,109,106,52,62,226,178,14,20
CXB-202_E012_01,227,1038,13,11,63,63,130,120,72,63,244,209,23,27
CXB-202_E012_02,184,839,11,9,51,51,105,97,59,51,197,169,18,22
CXB-202_E012_03,85,386,5,4,23,23,48,45,27,23,91,78,9,10
CXB-202_E012_04,185,845,11,9,51,51,106,98,59,51,198,170,19,22
CXB-202_E012_05,264,1203,15,13,73,73,150,139,84,73,282,242,27,31
CXB-202_F013_01,142,623,8,10,31,39,71,71,42,43,152,130,12,13
CXB-202_F013_02,212,934,12,15,47,59,106,106,62,65,229,195,18,20
CXB-202_F013_03,227,997,13,16,50,63,113,113,67,69,244,208,19,22
CXB-202_F013_04,218,959,13,16,48,60,109,109,64,66,235,200,19,21
CXB-202_F013_05,126,553,7,9,28,35,63,63,37,38,135,115,11,12
CXB-202_F013_06,149,654,9,11,33,41,74,74,44,45,160,137,13,14
CXB-202_F013_07,137,604,8,10,30,38,68,68,40,42,148,126,12,13
CXB-202_G014_01,182,863,10,11,46,48,106,94,62,68,209,176,16,18
CXB-202_G014_02,180,856,10,10,46,48,105,93,61,67,208,174,16,18
CXB-202_G014_03,124,591,7,7,32,33,72,64,42,46,143,120,11,12
CXB-202_G014_04,232,1100,12,13,59,62,135,119,79,86,267,224,21,23
CXB-202_G014_05,133,632,7,8,34,35,77,68,45,50,153,129,12,13
CXB-202_G014_06,212,1005,11,12,54,56,123,109,72,79,244,205,19,21
CXB-202_G014_07,229,1087,12,13,58,61,133,118,78,85,264,221,21,23
CXB-203_A015_01,276,1195,20,21,83,80,137,134,78,82,301,218,19,21
CXB-203_A015_02,166,720,12,13,50,48,83,81,47,49,181,131,11,13
CXB-203_A015_03,128,554,9,10,39,37,64,62,36,38,140,101,9,10
CXB-203_A015_04,150,649,11,11,45,44,75,73,43,44,164,118,10,11
CXB-203_A015_05,163,704,12,12,49,47,81,79,46,48,177,128,11,12
CXB-203_A015_06,188,815,14,14,57,55,94,92,53,56,205,148,13,14
CXB-203_A015_07,183,791,13,14,55,53,91,89,52,54,199,144,13,14
CXB-203_B016_01,11,46,1,1,3,3,5,5,3,3,11,9,1,1
CXB-203_B016_02,95,403,7,6,26,26,48,45,24,29,101,78,6,7
CXB-203_B016_03,164,697,11,10,44,46,84,78,42,50,174,135,10,11
CXB-203_B016_04,342,1458,24,21,92,96,175,164,88,105,365,282,22,24
CXB-203_B016_05,362,1540,25,23,97,101,185,173,93,111,385,298,23,25
CXB-203_C017_01,126,525,8,7,32,37,62,70,34,36,130,96,7,8
CXB-203_C017_02,108,450,7,6,27,32,53,60,29,31,111,82,6,6
CXB-203_C017_03,128,533,8,7,32,38,63,71,34,37,132,97,7,8
CXB-203_C017_04,163,679,10,9,41,48,80,90,44,47,168,124,9,10
CXB-203_C017_05,206,858,13,11,52,61,101,114,55,59,213,157,12,12
CXB-203_C017_06,167,696,11,9,42,49,82,92,45,48,172,127,10,10
CXB-203_C017_07,155,646,10,8,39,46,76,86,41,44,160,118,9,9
CXB-203_C017_08,87,362,5,5,22,26,43,48,23,25,90,66,5,5
CXB-203_D018_01,192,796,11,12,55,50,94,103,50,51,200,147,12,13
CXB-203_D018_02,143,594,8,9,41,37,70,77,37,38,149,109,9,10
CXB-203_D018_03,211,877,12,14,60,55,104,114,55,56,220,162,13,14
CXB-203_D018_04,191,792,11,12,55,50,94,102,49,50,198,146,12,13
CXB-203_D018_05,186,774,10,12,53,49,92,100,48,49,194,143,12,13
CXB-203_D018_06,210,873,12,13,60,55,103,113,54,56,219,161,13,14
CXB-203_D018_07,145,603,8,9,42,38,71,78,37,38,151,111,9,10
CXB-203_E019_01,148,636,9,9,43,50,79,74,34,42,156,117,10,12
CXB-203_E019_02,153,655,9,9,45,51,82,77,35,43,161,121,11,12
CXB-203_E019_03,200,859,12,12,58,67,107,101,46,56,210,159,14,16
CXB-203_E019_04,135,581,8,8,40,45,72,68,31,38,142,107,9,11
CXB-203_E019_05,176,755,11,10,51,59,94,88,41,50,185,139,12,14
CXB-203_E019_06,186,799,11,11,54,63,100,94,43,53,196,148,13,15
CXB-203_E019_07,190,814,11,11,55,64,101,95,44,54,200,150,13,15
CXB-203_E019_08,62,268,4,4,18,21,33,31,14,18,66,50,4,5
CXB-204_A020_01,117,500,7,6,29,31,62,59,35,39,124,89,7,11
CXB-204_A020_02,99,424,6,5,24,27,52,50,30,33,105,76,6,10
CXB-204_A020_03,195,835,12,11,48,53,103,99,59,65,208,149,11,19
CXB-204_A020_04,223,956,13,12,55,60,118,113,68,74,237,171,13,22
CXB-204_A020_05,219,937,13,12,54,59,115,111,66,72,233,167,13,21
CXB-204_A020_06,197,842,12,11,48,53,104,100,60,65,209,150,11,19
CXB-204_A020_07,254,1089,15,14,62,68,134,129,77,84,270,194,15,25
CXB-204_B021_01,98,426,5,6,27,32,51,54,26,29,103,77,7,9
CXB-204_B021_02,147,639,8,9,40,48,77,82,38,43,155,115,10,13
CXB-204_B021_03,142,619,8,9,39,46,75,79,37,42,150,112,10,13
CXB-204_B021_04,118,515,6,8,33,38,62,66,31,35,125,93,8,11
CXB-204_B021_05,136,589,7,9,37,44,71,75,35,40,143,106,9,12
CXB-204_B021_06,149,649,8,9,41,48,78,83,39,44,157,117,10,13
CXB-204_B021_07,430,1872,23,27,119,140,225,239,113,126,453,338,30,38
CXB-204_B021_08,165,718,9,10,46,54,86,92,43,48,174,130,12,15
CXB-204_C022_01,142,612,10,10,38,39,70,71,40,39,155,117,10,13
CXB-204_C022_02,188,814,14,13,51,51,93,94,53,52,207,155,13,18
CXB-204_C022_03,235,1017,17,17,64,64,116,118,66,65,258,194,17,22
CXB-204_C022_04,102,439,7,7,27,28,50,51,29,28,111,84,7,10
CXB-204_C022_05,101,434,7,7,27,27,49,50,28,28,110,83,7,9
CXB-204_C022_06,220,953,16,16,60,60,108,110,62,61,242,181,16,21
CXB-204_C022_07,192,829,14,14,52,52,94,96,54,53,210,158,14,18
CXB-204_C022_08,177,765,13,13,48,48,87,89,50,49,194,146,13,17
CXB-204_D023_01,144,635,8,11,35,39,75,74,38,44,157,131,10,13
CXB-204_D023_02,87,385,5,7,21,24,45,45,23,26,95,79,6,8
CXB-204_D023_03,189,835,11,15,46,52,99,97,49,57,206,172,13,17
CXB-204_D023_04,219,965,12,17,53,60,114,113,57,66,238,199,15,20
CXB-204_D023_05,160,705,9,13,39,44,83,82,42,48,174,145,11,15
CXB-204_D023_06,286,1259,16,22,69,78,149,147,75,87,311,260,20,26
CXB-204_D023_07,144,635,8,11,35,39,75,74,38,44,157,131,10,13
CXB-204_D023_08,138,610,8,11,33,38,72,71,36,42,150,126,10,13
CXB-205_A024_01,176,820,12,13,48,51,95,85,54,62,203,167,15,15
CXB-205_A024_02,139,646,9,10,37,40,75,67,43,49,160,132,11,12
CXB-205_A024_03,119,553,8,9,32,35,64,58,37,42,137,113,10,10
CXB-205_A024_04,140,650,9,10,38,41,76,68,43,49,161,133,12,12
CXB-205_A024_05,230,1073,15,17,62,67,125,112,71,81,266,219,19,19
CXB-205_A024_06,109,510,7,8,30,32,59,53,34,38,126,104,9,9
CXB-205_A024_07,142,660,9,11,38,41,77,69,44,50,163,135,12,12
CXB-205_A024_08,94,437,6,7,25,27,51,45,29,33,108,89,8,8
CXB-205_B025_01,178,788,13,11,49,55,88,95,50,53,191,154,14,17
CXB-205_B025_02,90,397,6,5,25,28,45,48,25,27,96,77,7,9
CXB-205_B025_03,140,619,10,8,38,43,69,74,39,41,150,121,11,13
CXB-205_B025_04,150,665,11,9,41,46,75,80,42,45,161,129,12,14
CXB-205_B025_05,246,1088,18,15,67,76,122,131,69,73,264,212,19,24
CXB-205_B025_06,181,801,13,11,50,56,90,96,51,54,194,156,14,17
CXB-205_B025_07,201,893,14,12,55,62,100,107,56,60,216,174,16,19
CXB-205_C026_01,163,712,9,11,48,46,81,83,45,49,177,142,9,13
CXB-205_C026_02,136,596,7,9,40,38,68,70,37,41,148,119,7,11
CXB-205_C026_03,233,1022,13,16,68,66,116,120,64,71,253,204,12,19
CXB-205_C026_04,157,689,8,11,46,44,78,81,43,48,171,138,8,12
CXB-205_C026_05,206,901,11,14,60,58,103,106,57,63,224,180,11,16
CXB-205_D027_01,241,1051,17,19,62,67,116,131,64,73,259,208,18,18
CXB-205_D027_02,175,764,12,14,45,48,84,95,47,53,188,151,13,13
CXB-205_D027_03,172,751,12,13,44,48,83,94,46,52,185,148,13,13
CXB-205_D027_04,186,810,13,15,48,51,89,101,50,57,199,160,14,14
CXB-205_D027_05,166,725,12,13,43,46,80,90,44,51,178,143,12,12
CXB-205_D027_06,196,856,14,15,51,54,94,107,52,60,211,169,14,14
CXB-205_D027_07,169,738,12,13,44,47,81,92,45,52,182,146,12,12
CXB-205_E028_01,201,897,11,13,57,55,97,104,56,67,221,182,15,19
CXB-205_E028_02,201,897,11,13,57,55,97,104,56,67,221,182,15,19
CXB-205_E028_03,150,671,8,10,42,41,73,78,42,50,165,136,11,14
CXB-205_E028_04,84,377,5,6,24,23,41,44,24,28,93,76,6,8
CXB-205_E028_05,145,648,8,10,41,40,70,75,41,48,160,131,11,14
CXB-205_E028_06,282,1259,15,19,80,77,137,146,79,94,310,255,21,26
CXB-205_E028_07,196,875,11,13,55,54,95,102,55,65,215,177,15,18
CXB-205_F029_01,207,884,14,15,57,54,94,93,59,64,222,175,17,19
CXB-205_F029_02,258,1105,18,18,71,68,117,117,74,80,278,219,21,23
CXB-205_F029_03,137,586,9,10,38,36,62,62,39,42,148,116,11,12
CXB-205_F029_04,232,992,16,16,64,61,105,105,66,72,250,197,19,21
CXB-205_F029_05,180,771,12,13,50,47,82,82,52,56,194,153,15,16
CXB-205_F029_06,191,816,13,13,53,50,87,86,55,59,205,162,16,17
CXB-205_G030_01,138,606,8,9,39,40,69,74,37,41,147,120,11,12
CXB-205_G030_02,138,606,8,9,39,40,69,74,37,41,147,120,11,12
CXB-205_G030_03,166,732,10,11,47,48,83,89,44,50,177,144,13,14
CXB-205_G030_04,131,578,8,8,37,38,66,71,35,39,140,114,11,11
CXB-205_G030_05,151,664,9,10,43,44,75,81,40,45,161,131,12,13
CXB-205_G030_06,175,770,11,11,49,51,87,94,46,53,187,152,14,15
CXB-205_G030_07,116,510,7,7,33,34,58,62,31,35,124,101,9,10
CXB-206_A031_01,168,745,11,9,46,49,85,85,47,55,182,150,11,14
CXB-206_A031_02,248,1101,17,13,68,73,125,126,70,81,270,222,17,20
CXB-206_A031_03,129,571,9,7,35,38,65,65,36,42,140,115,9,10
CXB-206_A031_04,200,887,14,11,54,59,101,101,56,65,217,179,13,16
CXB-206_A031_05,213,944,15,12,58,63,107,108,60,69,231,191,14,17
CXB-206_A031_06,184,818,13,10,50,54,93,93,52,60,200,165,12,15
CXB-206_B032_01,181,757,14,14,48,54,87,86,45,50,188,152,11,10
CXB-206_B032_02,418,1745,32,33,111,124,200,197,103,115,433,350,24,23
CXB-206_B032_03,216,900,16,17,57,64,103,102,53,59,223,180,13,12
CXB-206_B032_04,108,452,8,8,29,32,52,51,27,30,112,91,6,6
CXB-206_B032_05,108,450,8,8,29,32,52,51,27,30,112,90,6,6
CXB-206_B032_06,84,349,6,7,22,25,40,39,21,23,87,70,5,5
CXB-206_C033_01,233,974,15,19,62,65,99,102,65,61,255,201,12,17
CXB-206_C033_02,141,589,9,11,38,40,60,62,39,37,154,121,7,11
CXB-206_C033_03,126,527,8,10,34,35,54,55,35,33,138,109,6,9
CXB-206_C033_04,88,368,6,7,24,25,38,39,25,23,96,76,4,7
CXB-206_C033_05,122,511,8,10,33,34,52,54,34,32,134,105,6,9
CXB-206_C033_06,124,519,8,10,33,35,53,55,35,33,136,107,6,9
CXB-206_C033_07,185,773,12,15,50,52,79,81,52,49,202,159,9,14
CXB-206_D034_01,130,542,9,10,33,38,54,65,32,36,135,112,9,9
CXB-206_D034_02,121,503,8,9,31,36,50,60,30,33,125,104,8,9
CXB-206_D034_03,126,525,9,10,32,37,52,63,31,35,130,109,8,9
CXB-206_D034_04,206,860,14,16,53,61,85,103,51,57,214,178,14,15
CXB-206_D034_05,180,752,12,14,46,53,74,90,45,50,187,156,12,13
CXB-206_D034_06,230,957,16,17,59,68,95,115,57,63,238,198,15,16
CXB-206_E035_01,196,858,19,15,57,60,97,101,51,57,211,165,11,15
CXB-206_E035_02,168,738,16,13,49,51,83,87,44,49,181,142,10,13
CXB-206_E035_03,186,814,18,14,54,57,92,96,48,54,200,157,11,14
CXB-206_E035_04,193,845,19,15,56,59,95,99,50,56,208,163,11,14
CXB-206_E035_05,173,756,17,13,50,53,85,89,45,50,186,145,10,13
CXB-206_E035_06,251,1098,25,20,72,77,124,129,65,73,270,211,15,19
CXB-206_F036_01,241,1023,23,21,62,61,98,114,67,70,266,208,15,19
CXB-206_F036_02,206,876,20,18,53,52,84,97,57,60,228,178,13,16
CXB-206_F036_03,170,723,16,15,44,43,70,80,47,50,188,147,11,13
CXB-206_F036_04,240,1017,23,20,61,61,98,113,66,70,265,207,15,18
CXB-206_G037_01,163,685,13,13,46,44,69,81,39,44,174,136,13,12
CXB-206_G037_02,120,504,10,10,34,32,51,60,28,33,128,100,9,9
CXB-206_G037_03,196,824,16,16,55,53,83,98,46,53,209,163,15,15
CXB-206_G037_04,203,852,17,16,57,55,86,101,48,55,217,169,16,15
CXB-207_A047_01,132,557,8,7,38,39,53,53,35,33,141,124,11,15
CXB-207_A047_02,161,680,9,9,46,48,65,65,43,41,172,151,13,18
CXB-207_A047_03,163,687,9,9,47,49,66,65,44,41,173,153,14,18
CXB-207_A047_04,188,796,11,10,54,56,76,76,50,48,201,177,16,21
CXB-207_A047_05,166,702,9,9,48,50,67,67,44,42,177,156,14,19
CXB-207_A047_06,178,752,10,10,51,53,72,71,48,45,190,167,15,20
CXB-207_A047_07,166,702,9,9,48,50,67,67,44,42,177,156,14,19
CXB-207_B048_01,129,521,7,8,38,38,57,54,33,32,125,108,10,11
CXB-207_B048_02,119,483,6,7,35,36,53,50,31,30,115,101,9,10
CXB-207_B048_03,117,472,6,7,34,35,52,49,30,29,113,98,9,10
CXB-207_B048_04,109,442,6,7,32,33,48,46,28,27,106,92,8,9
CXB-207_B048_05,204,827,11,13,60,61,90,85,53,51,198,172,16,18
CXB-207_B048_06,147,596,8,9,43,44,65,62,38,37,143,124,11,13
CXB-207_B048_07,109,442,6,7,32,33,48,46,28,27,106,92,8,9
CXB-207_B048_08,86,347,5,5,25,26,38,36,22,22,83,72,7,7
CXB-207_C049_01,215,966,13,15,75,77,98,111,51,61,235,192,17,22
CXB-207_C049_02,130,585,8,9,45,47,59,67,31,37,142,116,10,13
CXB-207_C049_03,135,610,8,9,47,49,62,70,32,39,148,121,10,14
CXB-207_C049_04,117,527,7,8,41,42,53,61,28,33,128,105,9,12
CXB-207_C049_05,190,853,12,13,66,68,87,98,45,54,207,170,15,19
CXB-207_C049_06,169,761,10,11,59,61,77,88,40,48,185,151,13,17
CXB-207_C049_07,148,668,9,10,52,53,68,77,35,42,162,133,11,15
CXB-207_D050_01,158,716,7,10,55,49,72,79,42,47,180,145,13,16
CXB-207_D050_02,92,416,4,6,32,29,42,46,24,27,105,84,7,9
CXB-207_D050_03,223,1011,10,14,78,69,102,111,60,67,254,205,18,22
CXB-207_D050_04,144,653,7,9,51,45,66,72,38,43,164,132,12,14
CXB-207_D050_05,193,875,9,12,68,60,88,96,52,58,220,177,16,19
CXB-207_D050_06,140,634,6,9,49,43,64,70,37,42,159,128,11,14
CXB-207_D050_07,144,653,7,9,51,45,66,72,38,43,164,132,12,14
CXB-207_E051_01,191,941,12,12,73,76,103,100,51,64,224,189,16,20
CXB-207_E051_02,153,755,10,10,59,61,83,80,41,51,180,152,13,16
CXB-207_E051_03,191,941,12,12,73,76,103,100,51,64,224,189,16,20
CXB-207_E051_04,172,845,11,11,66,69,93,90,46,57,201,170,14,18
CXB-207_E051_05,284,1396,18,18,108,114,153,148,76,94,332,281,23,30
CXB-207_E051_06,198,977,13,12,76,79,107,104,53,66,233,197,16,21
CXB-207_F052_01,112,488,7,8,38,36,56,53,29,31,115,98,7,10
CXB-207_F052_02,157,683,9,11,53,50,78,74,41,43,161,137,10,14
CXB-207_F052_03,168,731,10,12,57,53,83,80,44,46,173,147,11,15
CXB-207_F052_04,120,522,7,9,41,38,60,57,31,33,123,105,8,11
CXB-207_F052_05,186,809,11,13,63,59,92,88,49,51,191,162,12,17
CXB-207_F052_06,191,834,11,14,65,61,95,91,50,53,197,167,13,17
CXB-207_F052_07,137,595,8,10,46,43,68,65,36,38,140,119,9,12
CXB-207_G053_01,167,830,11,11,59,59,91,98,47,56,198,167,12,21
CXB-207_G053_02,126,624,8,8,44,44,69,74,35,42,149,125,9,16
CXB-207_G053_03,202,1005,14,13,71,71,110,119,57,68,240,202,14,26
CXB-207_G053_04,79,390,5,5,28,28,43,46,22,27,93,78,5,10
CXB-207_G053_05,150,745,10,9,53,53,82,88,42,51,178,150,10,19
CXB-207_G053_06,178,884,12,11,63,63,97,104,50,60,211,177,12,23
CXB-207_G053_07,175,871,12,11,62,62,96,103,49,59,208,175,12,22
CXB-208_A043_01,112,559,7,7,41,40,59,74,34,35,131,110,10,13
CXB-208_A043_02,177,884,10,11,64,63,93,117,53,55,207,174,16,20
CXB-208_A043_03,197,984,12,12,72,70,103,130,59,61,231,194,18,23
CXB-208_A043_04,158,793,9,10,58,57,83,105,48,49,186,156,15,18
CXB-208_A043_05,163,817,10,10,59,58,86,108,49,51,192,161,15,19
CXB-208_A043_06,160,803,9,10,58,57,84,106,48,50,188,158,15,19
CXB-208_A043_07,173,865,10,10,63,62,91,114,52,54,203,171,16,20
CXB-208_B044_01,111,517,8,6,41,36,62,63,30,35,121,96,8,11
CXB-208_B044_02,136,634,9,8,50,44,76,77,37,43,148,119,9,13
CXB-208_B044_03,145,680,10,8,54,47,82,83,40,46,159,127,10,14
CXB-208_B044_04,160,748,11,9,59,52,90,91,44,51,175,140,11,15
CXB-208_B044_05,137,639,9,8,50,45,77,78,38,43,149,119,9,13
CXB-208_B044_06,186,870,13,10,69,61,104,106,51,59,203,163,13,18
CXB-208_B044_07,148,693,10,8,55,48,83,85,41,47,162,130,10,14
CXB-208_C045_01,139,635,7,7,44,49,72,72,40,43,149,128,10,14
CXB-208_C045_02,97,441,5,5,31,34,50,50,28,30,104,89,7,9
CXB-208_C045_03,144,659,8,7,46,51,75,74,42,44,155,133,11,14
CXB-208_C045_04,135,616,7,7,43,48,70,70,39,41,145,125,10,13
CXB-208_C045_05,166,759,9,8,53,59,86,86,48,51,178,153,12,16
CXB-208_C045_06,147,669,8,7,46,52,76,76,42,45,157,135,11,14
CXB-208_C045_07,156,711,8,8,49,55,81,80,45,48,167,144,11,15
CXB-208_C045_08,166,759,9,8,53,59,86,86,48,51,178,153,12,16
CXB-208_C045_09,165,754,9,8,52,58,86,85,47,51,177,152,12,16
CXB-208_D046_01,201,893,15,12,68,70,93,94,52,55,214,185,13,21
CXB-208_D046_02,215,953,16,13,73,75,99,100,56,59,229,197,14,22
CXB-208_D046_03,224,994,16,14,76,78,104,104,58,62,239,206,15,23
CXB-208_D046_04,141,626,10,9,48,49,65,66,37,39,150,129,9,14
CXB-208_D046_05,196,870,14,12,67,69,91,91,51,54,209,180,13,20
CXB-208_D046_06,138,612,10,8,47,48,64,64,36,38,147,127,9,14
CXB-208_D046_07,178,792,13,11,61,62,83,83,46,49,190,164,12,18
CXB-209_A038_XX,1210,5826,78,101,442,476,564,623,346,383,1408,1187,95,123
CXB-209_B039_XX,1004,4550,78,81,369,348,462,471,270,269,1147,889,69,97
CXB-209_C040_XX,785,2877,54,62,219,206,287,251,151,189,670,659,59,70
CXB-209_D041_XX,1050,4175,72,87,290,316,413,402,203,249,1039,923,72,109
CXB-209_E042_XX,952,4716,73,89,372,403,481,525,255,310,1088,954,78,88
CXB-210_A054_01,211,1009,10,14,65,63,111,118,67,72,249,203,16,21
CXB-210_A054_02,223,1065,11,14,68,66,118,125,71,76,263,214,17,22
CXB-210_A054_03,349,1670,17,22,107,104,184,196,111,119,413,335,27,35
CXB-210_A054_04,374,1791,18,24,115,111,198,210,119,128,443,360,29,37
CXB-210_A054_05,270,1291,13,17,83,80,143,151,86,92,319,259,21,27
CXB-210_A054_06,334,1598,16,21,102,99,176,187,107,114,395,321,26,33
CXB-210_A054_07,265,1267,13,17,81,79,140,148,84,90,313,254,21,26
CXB-210_B055_01,446,2114,21,29,132,133,228,235,145,154,532,426,29,51
CXB-210_B055_02,327,1552,16,21,97,97,168,173,106,113,391,313,21,37
CXB-210_B055_03,359,1703,17,23,106,107,184,189,116,124,429,343,23,41
CXB-210_B055_04,393,1863,19,26,116,117,201,207,127,135,469,375,25,45
CXB-210_B055_05,278,1317,13,18,82,83,142,146,90,96,332,265,18,32
CXB-210_B055_06,375,1779,18,24,111,112,192,198,122,129,448,358,24,43
CXB-210_C056_01,328,1541,18,18,89,97,162,178,97,113,384,322,26,36
CXB-210_C056_02,208,975,11,12,56,62,102,113,62,71,243,204,17,23
CXB-210_C056_03,228,1072,13,13,62,68,112,124,68,78,267,224,18,25
CXB-210_C056_04,253,1189,14,14,68,75,125,137,75,87,296,249,20,28
CXB-210_C056_05,176,827,10,10,48,52,87,95,52,61,206,173,14,19
CXB-210_C056_06,148,694,8,8,40,44,73,80,44,51,173,145,12,16
CXB-210_C056_07,300,1409,16,17,81,89,148,163,89,103,351,295,24,33
CXB-210_D057_01,7,30,1,2,2,1,3,3,1,1,8,6,1,1
CXB-210_D057_02,36,150,6,10,8,7,14,16,6,7,40,31,3,4
CXB-210_D057_03,14,60,2,4,3,3,6,6,2,3,16,12,1,1
CXB-210_D057_04,14,59,2,4,3,3,6,6,2,3,16,12,1,1
CXB-210_D057_05,9,39,2,3,2,2,4,4,2,2,10,8,1,1
CXB-210_E058_01,15,65,4,3,5,3,5,6,5,3,17,13,0,1
CXB-210_E058_02,26,114,6,5,9,5,9,10,8,6,29,23,1,2
CXB-210_E058_03,21,91,5,4,7,4,7,8,7,5,23,18,1,2
CXB-210_E058_04,16,70,4,3,5,3,6,6,5,4,18,14,0,1
CXB-210_E058_05,13,58,3,2,4,3,5,5,4,3,15,12,0,1
CXB-210_E058_06,23,101,5,4,8,5,8,9,7,5,26,20,1,2
CXB-210_F059_01,28,130,4,2,8,8,14,13,9,8,33,26,2,4
CXB-210_F059_02,24,111,3,2,7,7,12,11,8,7,28,22,2,4
CXB-210_F059_03,11,50,2,1,3,3,5,5,3,3,13,10,1,2
CXB-210_F059_04,16,72,2,1,4,4,8,7,5,5,18,14,1,2
CXB-210_F059_05,14,64,2,1,4,4,7,6,4,4,16,12,1,2
CXB-210_F059_06,17,80,2,1,5,5,9,8,6,5,20,16,1,3
CXB-210_F059_07,14,65,2,1,4,4,7,6,4,4,16,13,1,2
CXB-210_F059_08,20,91,3,2,5,5,10,9,6,6,23,18,1,3
CXB-211_A060_01,181,855,12,14,57,57,95,100,50,64,204,171,15,18
CXB-211_A060_02,197,932,13,15,62,63,103,109,55,70,222,186,16,19
CXB-211_A060_03,168,794,11,13,53,53,88,93,47,59,189,158,14,16
CXB-211_A060_04,114,538,7,9,36,36,60,63,32,40,128,107,9,11
CXB-211_A060_05,181,855,12,14,57,57,95,100,50,64,204,171,15,18
CXB-211_A060_06,170,806,11,13,54,54,89,94,47,60,192,161,14,17
CXB-211_B061_01,221,1015,14,16,69,61,115,116,60,71,252,207,15,19
CXB-211_B061_02,186,855,12,13,58,52,96,98,51,60,213,174,13,16
CXB-211_B061_03,183,842,12,13,57,51,95,96,50,59,209,172,12,16
CXB-211_B061_04,138,636,9,10,43,38,72,73,38,44,158,130,9,12
CXB-211_B061_05,225,1036,15,16,70,63,117,118,62,72,258,211,15,19
CXB-211_B061_06,153,703,10,11,48,42,79,80,42,49,175,143,10,13
CXB-211_C062_01,128,616,8,9,45,42,71,71,38,44,149,120,8,12
CXB-211_C062_02,168,811,10,12,59,55,94,93,50,58,196,158,11,16
CXB-211_C062_03,222,1073,13,15,78,73,124,123,66,77,260,209,14,21
CXB-211_C062_04,202,973,12,14,71,66,112,112,60,70,235,190,13,19
CXB-211_C062_05,250,1206,15,17,88,82,139,139,74,87,292,235,16,23
CXB-211_C062_06,180,869,11,12,63,59,100,100,53,62,210,169,12,17
CXB-211_C062_07,145,699,9,10,51,47,81,80,43,50,169,136,9,13
CXB-211_D063_01,189,888,13,14,61,56,101,104,56,59,211,177,15,20
CXB-211_D063_02,130,610,9,10,42,38,69,72,39,41,145,122,10,14
CXB-211_D063_03,156,735,11,12,50,46,84,86,46,49,175,147,12,17
CXB-211_D063_04,264,1239,19,20,84,77,141,145,78,83,295,247,21,28
CXB-211_D063_05,136,640,10,10,44,40,73,75,40,43,152,128,11,15
CXB-211_D063_06,170,800,12,13,55,50,91,94,51,53,190,160,13,18
CXB-211_E064_01,148,680,10,11,43,52,76,73,43,45,166,136,10,14
CXB-211_E064_02,198,907,13,15,58,70,101,97,58,60,221,182,14,18
CXB-211_E064_03,145,663,10,11,42,51,74,71,42,44,162,133,10,13
CXB-211_E064_04,205,940,14,16,60,72,105,101,60,62,229,189,14,19
CXB-211_E064_05,130,596,9,10,38,46,67,64,38,39,145,120,9,12
CXB-211_E064_06,238,1091,16,18,70,84,122,117,70,72,266,219,16,22
CXB-211_F065_01,230,1012,13,16,77,73,106,116,62,65,249,200,16,19
CXB-211_F065_02,155,684,9,10,52,49,72,78,42,44,169,135,11,13
CXB-211_F065_03,106,465,6,7,35,33,49,53,29,30,114,92,7,9
CXB-211_F065_04,230,1012,13,16,77,73,106,116,62,65,249,200,16,19
CXB-211_F065_05,201,885,11,14,67,63,93,101,55,57,218,175,14,17
CXB-211_F065_06,145,640,8,10,49,46,67,73,39,41,158,127,10,12
CXB-212_A113_XX,1405,6203,88,115,438,462,652,674,399,383,1528,1225,99,140
CXB-212_B114_XX,1251,5409,87,97,342,382,594,634,325,378,1359,1044,69,98
CXB-212_C115_XX,1105,4641,60,84,354,378,525,519,243,289,1145,902,64,78
CXB-213_A066_01,113,532,9,8,36,39,55,61,32,35,132,105,9,11
CXB-213_A066_02,267,1252,20,19,86,91,129,144,76,82,312,246,21,27
CXB-213_A066_03,138,648,10,10,44,47,67,75,39,43,161,127,11,14
CXB-213_A066_04,203,952,15,14,65,69,98,110,58,63,237,187,16,20
CXB-213_A066_05,187,880,14,13,60,64,91,101,53,58,219,173,14,19
CXB-213_A066_06,142,667,11,10,46,48,69,77,40,44,166,131,11,14
CXB-213_B067_01,123,553,7,8,41,40,63,58,35,39,135,106,8,13
CXB-213_B067_02,196,879,11,13,65,64,100,93,56,62,214,169,13,20
CXB-213_B067_03,219,979,12,14,72,71,111,104,62,69,239,188,14,22
CXB-213_B067_04,350,1568,19,23,116,114,178,166,100,111,382,301,22,36
CXB-213_B067_05,144,644,8,9,47,47,73,68,41,46,157,123,9,15
CXB-213_C068_01,114,591,8,9,44,43,66,66,35,40,144,112,11,14
CXB-213_C068_02,135,701,9,11,52,51,78,78,42,47,171,133,13,17
CXB-213_C068_03,129,670,9,10,49,49,75,74,40,45,164,127,12,16
CXB-213_C068_04,134,697,9,11,52,51,78,77,41,47,170,132,13,17
CXB-213_C068_05,189,981,13,15,72,72,110,109,58,66,240,185,18,24
CXB-213_D069_01,166,676,13,12,52,47,71,73,39,44,168,134,9,13
CXB-213_D069_02,182,738,15,13,56,51,77,79,43,48,184,147,10,15
CXB-213_D069_03,136,551,11,10,42,38,58,59,32,36,137,110,7,11
CXB-213_D069_04,194,787,16,14,60,54,82,84,46,52,196,157,11,15
CXB-213_D069_05,151,614,12,11,47,42,64,66,36,40,153,122,8,12
CXB-213_D069_06,185,751,15,14,57,52,79,81,44,49,187,149,10,15
CXB-213_E070_01,110,433,5,6,29,27,46,41,26,28,109,94,11,11
CXB-213_E070_02,197,775,9,11,51,49,82,73,47,50,196,168,19,19
CXB-213_E070_03,122,480,6,7,32,30,51,45,29,31,121,104,12,12
CXB-213_E070_04,173,678,8,10,45,43,72,64,41,44,171,147,17,17
CXB-213_E070_05,197,775,9,11,51,49,82,73,47,50,196,168,19,19
CXB-213_F071_01,245,1138,14,14,66,83,121,125,79,81,276,233,20,25
CXB-213_F071_02,253,1175,14,14,68,86,125,129,82,83,285,240,21,26
CXB-213_F071_03,118,547,7,7,32,40,58,60,38,39,133,112,10,12
CXB-213_F071_04,229,1064,13,13,62,78,113,117,74,75,258,218,19,24
CXB-213_F071_05,236,1095,13,13,63,80,116,120,76,78,266,224,20,24
CXB-213_G072_01,149,746,8,9,47,46,79,81,52,54,182,155,14,20
CXB-213_G072_02,219,1096,11,13,69,68,116,119,76,80,268,228,21,29
CXB-213_G072_03,375,1880,19,22,118,116,198,203,130,136,459,391,36,49
CXB-213_G072_04,304,1522,16,18,96,94,161,165,106,111,372,317,29,40
CXB-213_G072_05,353,1767,18,21,111,109,186,191,122,128,431,367,34,46
CXB-214_A073_01,153,728,12,10,52,52,83,80,50,51,179,137,11,13
CXB-214_A073_02,213,1013,17,13,72,72,116,111,70,70,249,190,16,19
CXB-214_A073_03,194,922,15,12,65,65,105,101,63,64,226,173,14,17
CXB-214_A073_04,272,1295,21,17,92,92,148,142,89,90,318,243,20,24
CXB-214_A073_05,202,960,16,13,68,68,110,105,66,67,236,180,15,18
CXB-214_A073_06,216,1030,17,14,73,73,118,113,71,72,253,193,16,19
CXB-214_B074_01,174,835,12,14,53,59,90,99,54,60,202,161,14,16
CXB-214_B074_02,138,664,10,11,42,47,72,79,43,48,161,128,11,13
CXB-214_B074_03,239,1147,17,19,72,81,124,137,74,83,278,221,19,22
CXB-214_B074_04,163,781,12,13,49,55,84,93,51,56,189,151,13,15
CXB-214_B074_05,194,932,14,16,59,66,101,111,60,67,226,180,15,18
CXB-214_B074_06,181,869,13,14,55,61,94,104,56,63,210,168,14,17
CXB-214_C075_01,213,978,15,14,67,75,109,107,60,66,239,191,16,18
CXB-214_C075_02,224,1030,16,15,70,79,115,112,64,70,252,201,17,19
CXB-214_C075_03,184,844,13,12,58,64,94,92,52,57,206,165,14,16
CXB-214_C075_04,249,1143,18,16,78,87,128,125,71,77,280,223,19,22
CXB-214_C075_05,206,948,15,14,65,72,106,103,58,64,232,185,16,18
CXB-214_D076_01,294,1397,17,25,88,92,145,160,92,98,347,282,19,31
CXB-214_D076_02,250,1187,14,21,75,78,123,136,78,83,295,240,16,27
CXB-214_D076_03,137,648,8,12,41,43,67,74,43,45,161,131,9,15
CXB-214_D076_04,163,772,9,14,49,51,80,89,51,54,192,156,11,17
CXB-214_E077_01,130,603,8,9,40,39,65,71,35,42,151,122,9,12
CXB-214_E077_02,127,590,8,9,39,39,64,70,34,41,148,119,9,11
CXB-214_E077_03,151,701,10,10,47,46,76,83,40,49,176,141,10,13
CXB-214_E077_04,277,1283,18,19,85,84,139,151,74,89,321,259,19,25
CXB-214_E077_05,257,1193,16,18,79,78,129,141,69,83,299,241,18,23
CXB-214_E077_06,167,774,11,11,51,51,84,91,45,54,194,156,11,15
CXB-214_F078_01,244,1138,18,16,72,69,107,125,78,74,290,246,20,24
CXB-214_F078_02,188,879,14,12,55,53,82,97,60,57,224,190,16,19
CXB-214_F078_03,298,1392,22,19,87,84,130,153,95,91,355,301,25,30
CXB-214_F078_04,251,1172,18,16,74,71,110,129,80,76,299,253,21,25
CXB-215_A116_01,241,1072,17,20,81,80,117,119,66,69,264,208,14,19
CXB-215_A116_02,224,994,15,18,75,74,108,110,61,64,245,193,13,17
CXB-215_A116_03,160,710,11,13,54,53,77,79,43,46,175,138,9,12
CXB-215_A116_04,238,1058,16,20,80,79,115,117,65,68,261,206,14,19
CXB-215_A116_05,175,778,12,14,59,58,85,86,48,50,192,151,10,14
CXB-215_A116_06,232,1031,16,19,78,77,112,114,63,66,254,200,13,18
CXB-215_B117_01,247,1086,17,22,79,84,116,112,69,67,274,211,14,20
CXB-215_B117_02,179,787,12,16,57,61,84,81,50,49,199,153,10,14
CXB-215_B117_03,221,971,15,20,71,75,104,100,62,60,245,189,13,18
CXB-215_B117_04,211,929,14,19,68,72,99,96,59,58,235,181,12,17
CXB-215_B117_05,173,760,12,16,55,59,81,78,48,47,192,148,10,14
CXB-215_B117_06,177,778,12,16,57,60,83,80,49,48,197,151,10,14
CXB-215_C118_01,225,994,15,16,70,68,104,112,64,67,246,201,11,20
CXB-215_C118_02,196,867,13,14,61,59,91,97,55,58,214,175,10,17
CXB-215_C118_03,196,867,13,14,61,59,91,97,55,58,214,175,10,17
CXB-215_C118_04,163,717,11,12,51,49,75,81,46,48,177,145,8,14
CXB-215_C118_05,192,848,13,14,60,58,89,95,54,57,210,172,10,17
CXB-215_C118_06,155,685,10,11,48,47,72,77,44,46,169,138,8,13
CXB-215_D119_01,172,775,11,12,54,61,85,83,48,52,190,152,12,15
CXB-215_D119_02,249,1123,16,17,78,89,123,120,70,75,275,220,17,21
CXB-215_D119_03,183,824,12,13,57,65,91,88,51,55,202,161,12,16
CXB-215_D119_04,207,934,14,14,65,74,103,100,58,63,229,183,14,18
CXB-215_D119_05,216,976,14,15,68,77,107,105,61,65,239,191,15,19
CXB-215_D119_06,195,881,13,14,61,70,97,94,55,59,216,173,13,17
CXB-215_E120_01,190,855,12,13,61,68,96,98,50,52,209,168,12,18
CXB-215_E120_02,145,653,9,10,47,52,73,75,38,40,159,128,9,14
CXB-215_E120_03,178,804,12,12,57,64,90,92,47,49,196,158,11,17
CXB-215_E120_04,229,1035,15,15,74,82,116,118,60,63,253,203,14,21
CXB-215_E120_05,243,1097,16,16,78,87,123,125,64,67,268,216,15,23
CXB-215_E120_06,235,1060,15,16,76,84,119,121,61,64,259,208,14,22
CXB-216_A125_01,129,564,8,12,39,41,59,67,33,37,140,111,7,9
CXB-216_A125_02,180,788,12,17,55,57,83,93,47,52,196,155,10,13
CXB-216_A125_03,110,483,7,10,34,35,51,57,29,32,120,95,6,8
CXB-216_A125_04,165,722,11,16,50,52,76,86,43,47,179,142,9,12
CXB-216_A125_05,204,896,13,19,62,65,94,106,53,59,223,176,12,14
CXB-216_B126_01,182,772,15,13,60,54,77,86,48,46,197,152,9,15
CXB-216_B126_02,167,708,14,12,55,50,71,79,44,42,181,139,8,14
CXB-216_B126_03,114,484,10,8,38,34,48,54,30,29,124,95,6,9
CXB-216_B126_04,172,729,14,12,57,51,73,81,45,43,186,143,8,14
CXB-216_B126_05,155,658,13,11,51,46,66,73,41,39,168,129,8,13
CXB-217_A079_01,246,1219,17,18,72,69,145,143,80,95,287,249,17,27
CXB-217_A079_02,224,1112,16,16,65,63,132,131,73,87,262,227,16,25
CXB-217_A079_03,197,977,14,14,58,56,116,115,64,76,230,200,14,22
CXB-217_A079_04,160,792,11,11,47,45,94,93,52,62,186,162,11,18
CXB-217_A079_05,310,1539,22,22,91,88,183,181,100,120,362,314,22,34
CXB-217_B080_01,325,1540,22,21,104,86,178,188,103,109,370,309,20,31
CXB-217_B080_02,170,805,11,11,54,45,93,98,54,57,193,161,11,16
CXB-217_B080_03,271,1281,18,18,86,71,148,156,85,91,308,257,17,26
CXB-217_B080_04,197,931,13,13,63,52,108,113,62,66,224,187,12,19
CXB-217_C081_01,186,878,12,11,49,56,99,94,55,65,219,186,15,19
CXB-217_C081_02,256,1204,16,15,67,76,135,129,75,89,300,255,21,26
CXB-217_C081_03,301,1417,19,17,78,90,159,152,89,104,353,300,25,30
CXB-217_C081_04,192,907,12,11,50,57,102,97,57,67,226,192,16,19
CXB-217_C081_05,208,982,13,12,54,62,110,105,61,72,245,208,17,21
CXB-217_C081_06,136,642,8,8,36,41,72,69,40,47,160,136,11,14
CXB-217_D082_01,192,924,11,13,51,56,108,108,59,66,226,190,17,19
CXB-217_D082_02,125,602,7,9,33,37,70,70,38,43,147,124,11,12
CXB-217_D082_03,212,1018,13,14,56,62,119,119,65,73,249,210,19,20
CXB-217_D082_04,140,673,8,10,37,41,79,79,43,48,164,139,12,13
CXB-217_D082_05,154,739,9,11,41,45,86,86,47,53,180,152,14,15
CXB-217_D082_06,216,1037,13,15,57,63,121,121,66,74,253,214,19,21
CXB-217_E083_01,155,757,9,9,41,50,88,88,49,56,184,156,10,16
CXB-217_E083_02,162,790,9,9,43,52,92,92,51,59,193,163,10,17
CXB-217_E083_03,182,886,10,10,48,59,103,103,58,66,216,182,11,19
CXB-217_E083_04,164,798,9,9,44,53,93,93,52,59,195,164,10,17
CXB-217_E083_05,177,861,10,10,47,57,100,100,56,64,210,177,11,19
CXB-217_F084_01,171,836,10,9,52,48,98,103,57,58,203,163,16,18
CXB-217_F084_02,111,541,7,6,34,31,64,67,37,38,131,105,10,12
CXB-217_F084_03,119,580,7,6,36,33,68,72,40,40,141,113,11,13
CXB-217_F084_04,217,1062,13,11,66,60,125,131,73,74,258,207,20,23
CXB-217_F084_05,115,564,7,6,35,32,66,70,39,39,137,110,11,12
CXB-217_F084_06,148,724,9,8,45,41,85,89,50,50,176,141,14,16
CXB-218_A085_01,75,373,4,4,23,25,38,42,27,29,92,75,7,8
CXB-218_A085_02,36,181,2,2,11,12,18,20,13,14,45,36,3,4
CXB-218_A085_03,251,1243,14,13,75,82,126,140,90,97,307,250,23,26
CXB-218_A085_04,536,2655,30,28,161,176,269,299,193,206,655,534,50,55
CXB-218_A085_05,488,2418,27,25,146,160,245,272,176,188,597,486,45,51
CXB-218_A085_06,522,2588,29,27,157,171,262,291,188,201,639,520,48,54
CXB-218_A085_07,506,2508,28,26,152,166,254,282,183,195,619,504,47,52
CXB-218_B086_01,72,347,5,5,26,22,36,41,23,25,81,68,8,8
CXB-218_B086_02,123,590,9,8,44,37,62,70,39,42,138,116,13,13
CXB-218_B086_03,86,412,6,6,31,26,43,49,27,29,96,81,9,9
CXB-218_B086_04,79,377,6,5,28,24,40,44,25,27,88,74,8,9
CXB-218_B086_05,84,404,6,6,30,25,42,48,26,29,94,79,9,9
CXB-218_B086_06,100,481,7,7,36,30,50,57,31,34,112,95,11,11
CXB-218_B086_07,98,471,7,6,35,30,49,55,31,33,110,93,11,11
CXB-218_C087_01,125,603,8,8,40,42,65,66,43,43,147,120,11,11
CXB-218_C087_02,182,878,11,11,58,61,94,96,63,62,215,175,16,16
CXB-218_C087_03,228,1100,14,14,72,76,118,121,79,78,269,219,19,21
CXB-218_C087_04,293,1414,18,18,93,98,152,155,101,100,346,281,25,27
CXB-218_C087_05,149,719,9,9,47,50,77,79,51,51,176,143,13,13
CXB-218_C087_06,150,724,9,9,48,50,78,79,52,51,177,144,13,14
CXB-218_D088_01,217,1015,10,14,74,76,111,111,66,71,249,193,16,23
CXB-218_D088_02,140,657,7,9,48,49,72,72,43,46,161,125,11,15
CXB-218_D088_03,172,806,8,11,59,60,88,88,52,56,198,153,13,18
CXB-218_D088_04,160,749,8,10,55,56,82,82,49,52,184,142,12,17
CXB-218_D088_05,235,1102,11,15,80,82,120,121,72,77,271,210,18,25
CXB-219_A121_01,129,577,8,10,35,39,65,71,36,41,142,111,8,10
CXB-219_A121_02,258,1153,15,19,71,79,131,142,72,82,284,222,17,20
CXB-219_A121_03,362,1617,21,27,99,111,183,199,101,115,398,311,23,28
CXB-219_A121_04,232,1036,13,17,63,71,118,128,65,74,255,199,15,18
CXB-219_A121_05,307,1373,18,23,84,94,156,169,86,98,338,264,20,24
CXB-219_B122_01,357,1654,27,24,102,105,173,195,109,122,407,335,26,30
CXB-219_B122_02,262,1210,20,17,74,77,126,143,80,89,298,245,19,22
CXB-219_B122_03,228,1055,17,15,65,67,110,125,70,78,259,214,17,19
CXB-219_B122_04,206,955,16,14,59,61,100,113,63,70,235,193,15,17
CXB-219_B122_05,193,891,15,13,55,57,93,105,59,66,219,180,14,16
CXB-219_C123_01,209,1027,12,14,58,60,125,124,72,79,250,194,16,20
CXB-219_C123_02,302,1488,18,21,84,87,182,180,104,115,363,281,23,30
CXB-219_C123_03,250,1230,15,17,70,72,150,149,86,95,300,232,19,25
CXB-219_C123_04,283,1394,17,20,79,82,170,169,98,108,340,263,22,28
CXB-219_C123_05,211,1037,13,15,59,61,127,125,73,80,253,196,16,21
CXB-219_D124_01,100,475,5,7,22,30,48,52,33,33,121,101,10,11
CXB-219_D124_02,223,1056,12,16,50,68,108,115,73,74,269,225,22,25
CXB-219_D124_03,367,1735,19,27,82,111,177,189,120,122,442,369,36,41
CXB-219_D124_04,282,1334,15,20,63,86,136,145,92,94,340,284,28,31
CXB-219_D124_05,35,164,2,3,8,11,17,18,11,12,42,35,3,4
CXB-220_A089_01,370,1756,18,20,108,113,199,204,104,134,436,351,31,38
CXB-220_A089_02,297,1409,14,16,87,91,160,164,83,107,350,282,25,31
CXB-220_A089_03,299,1423,15,16,87,91,161,165,84,109,353,285,25,31
CXB-220_A089_04,339,1611,17,18,99,103,182,187,95,123,399,322,29,35
CXB-220_A089_05,361,1715,18,20,105,110,194,199,102,131,425,343,31,38
CXB-220_A089_06,278,1319,14,15,81,85,149,153,78,101,327,264,24,29
CXB-220_B090_01,111,529,6,7,29,34,60,64,35,37,130,108,9,11
CXB-220_B090_02,178,846,10,11,47,54,95,102,56,58,208,172,14,18
CXB-220_B090_03,240,1141,13,15,63,73,129,137,76,79,280,232,19,24
CXB-220_B090_04,237,1130,13,15,63,72,128,136,75,78,278,230,19,24
CXB-220_B090_05,241,1146,13,15,64,73,129,138,76,79,282,233,20,24
CXB-220_B090_06,259,1233,14,16,68,79,139,148,82,85,303,251,21,26
CXB-220_C091_01,331,1462,18,23,89,93,172,163,98,100,364,284,27,31
CXB-220_C091_02,315,1395,17,22,85,89,164,156,93,96,347,270,26,29
CXB-220_C091_03,333,1472,18,24,89,94,173,164,99,101,366,285,28,31
CXB-220_C091_04,118,523,6,8,32,33,61,58,35,36,130,101,10,11
CXB-220_C091_05,315,1395,17,22,85,89,164,156,93,96,347,270,26,29
CXB-220_D092_01,152,761,7,11,44,51,89,95,52,57,179,148,12,17
CXB-220_D092_02,261,1311,12,19,75,89,154,163,89,97,308,256,21,29
CXB-220_D092_03,248,1244,11,18,71,84,146,154,85,92,292,242,20,27
CXB-220_D092_04,232,1163,11,17,67,79,136,144,79,86,273,227,19,25
CXB-220_D092_05,252,1266,12,18,73,86,148,157,86,94,298,247,20,28
CXB-220_E093_01,109,505,8,7,29,33,61,63,33,35,119,97,8,11
CXB-220_E093_02,114,528,8,8,30,35,64,66,35,37,124,101,9,11
CXB-220_E093_03,251,1166,19,17,66,76,142,145,77,81,275,223,19,25
CXB-220_E093_04,239,1111,18,16,63,73,135,138,74,77,262,213,18,23
CXB-220_E093_05,176,819,13,12,46,54,100,102,54,57,193,157,13,17
CXB-220_F094_01,280,1359,18,17,89,93,152,153,87,100,320,272,26,33
CXB-220_F094_02,193,935,12,12,61,64,105,105,60,69,220,187,18,23
CXB-220_F094_03,238,1157,15,15,75,79,129,130,74,85,272,232,22,28
CXB-220_F094_04,132,638,8,8,42,43,71,72,41,47,150,128,12,16
CXB-220_F094_05,283,1371,18,17,89,93,153,154,88,101,322,275,26,34
CXB-220_G095_01,158,715,10,12,46,49,79,85,44,49,177,144,9,12
CXB-220_G095_02,175,794,11,13,50,54,88,94,49,54,197,160,11,13
CXB-220_G095_03,165,747,11,12,48,51,83,88,46,51,185,150,10,13
CXB-220_G095_04,261,1183,17,19,75,80,131,140,72,81,293,238,16,20
CXB-220_G095_05,275,1246,18,20,79,85,138,148,76,85,309,251,16,21
CXB-222_A096_01,241,1186,15,13,82,83,130,132,76,83,275,237,26,33
CXB-222_A096_02,94,463,6,5,32,32,51,52,30,32,108,93,10,13
CXB-222_A096_03,328,1611,21,17,111,113,177,180,104,112,374,322,35,45
CXB-222_A096_04,172,846,11,9,58,59,93,94,55,59,196,169,19,24
CXB-222_A096_05,130,642,8,7,44,45,71,72,41,45,149,128,14,18
CXB-222_A096_06,110,540,7,6,37,38,59,60,35,38,125,108,12,15
CXB-222_B097_01,224,1101,14,13,78,79,118,126,76,77,258,213,21,27
CXB-222_B097_02,264,1297,17,15,92,94,139,148,89,90,304,251,25,32
CXB-222_B097_03,178,871,11,10,62,63,94,100,60,61,205,169,17,21
CXB-222_B097_04,178,871,11,10,62,63,94,100,60,61,205,169,17,21
CXB-222_B097_05,204,1001,13,11,71,72,107,115,69,70,235,194,19,25
CXB-222_B097_06,243,1193,15,14,85,86,128,137,82,83,280,231,23,29
CXB-222_C098_01,119,573,8,8,37,42,56,67,42,42,137,111,13,12
CXB-222_C098_02,91,440,6,6,28,32,43,51,32,32,105,86,10,9
CXB-222_C098_03,140,676,9,10,44,49,66,79,49,49,162,131,15,14
CXB-222_C098_04,139,671,9,10,43,49,65,78,49,49,161,130,15,14
CXB-222_C098_05,171,823,11,12,53,60,80,96,60,60,197,160,18,17
CXB-222_C098_06,120,578,8,8,37,42,56,68,42,42,138,112,13,12
CXB-222_D099_01,230,1108,16,17,74,76,120,128,72,81,263,213,22,27
CXB-222_D099_02,246,1185,17,18,79,82,128,136,77,86,281,228,23,29
CXB-222_D099_03,261,1257,18,19,84,87,136,145,82,92,298,242,25,31
CXB-222_D099_04,148,712,10,11,47,49,77,82,47,52,169,137,14,18
CXB-222_D099_05,191,924,13,14,62,64,100,106,60,67,219,178,18,23
CXB-222_D099_06,221,1068,15,16,71,74,115,123,70,78,253,205,21,26
CXB-222_E100_01,134,642,8,8,46,48,73,76,43,50,153,115,10,13
CXB-222_E100_02,259,1242,16,15,90,93,141,146,83,96,296,223,19,24
CXB-222_E100_03,270,1295,16,16,93,97,147,153,87,100,308,233,20,25
CXB-222_E100_04,200,959,12,12,69,72,109,113,64,74,228,172,15,19
CXB-222_E100_05,162,779,10,9,56,59,88,92,52,60,185,140,12,15
CXB-222_E100_06,104,499,6,6,36,38,57,59,33,39,119,90,8,10
CXB-223_A101_01,131,621,10,10,35,38,67,71,41,42,152,127,13,14
CXB-223_A101_02,103,485,7,8,27,30,53,55,32,33,119,100,10,11
CXB-223_A101_03,98,461,7,8,26,28,50,52,31,31,113,95,10,10
CXB-223_A101_04,271,1280,20,21,72,79,139,146,85,87,314,263,27,28
CXB-223_A101_05,219,1033,16,17,58,64,112,117,69,70,253,212,22,23
CXB-223_A101_06,119,562,9,9,32,35,61,64,37,38,138,115,12,12
CXB-223_B102_01,208,978,13,14,58,64,112,115,66,64,233,197,20,23
CXB-223_B102_02,148,697,10,10,41,45,80,82,47,46,166,140,14,16
CXB-223_B102_03,246,1158,16,17,68,75,133,137,78,76,276,233,24,27
CXB-223_B102_04,251,1178,16,17,69,77,135,139,79,77,280,237,24,28
CXB-223_B102_05,206,968,13,14,57,63,111,114,65,63,230,195,20,23
CXB-223_B102_06,131,617,8,9,36,40,71,73,41,40,147,124,13,14
CXB-223_B102_07,177,832,11,12,49,54,95,98,56,55,198,167,17,20
CXB-223_C103_01,167,786,12,11,47,49,89,97,47,57,189,157,14,16
CXB-223_C103_02,213,997,15,14,60,62,113,124,60,72,240,199,18,20
CXB-223_C103_03,165,776,12,11,47,48,88,96,47,56,187,155,14,16
CXB-223_C103_04,174,814,12,12,49,51,92,101,49,59,196,163,14,16
CXB-223_C103_05,142,668,10,10,40,41,75,83,40,49,161,134,12,13
CXB-223_C103_06,168,790,12,11,48,49,89,98,47,57,190,158,14,16
CXB-223_D104_01,186,867,14,13,53,56,97,95,53,60,214,175,16,20
CXB-223_D104_02,152,712,11,11,44,46,80,78,44,50,176,143,13,17
CXB-223_D104_03,210,981,16,15,60,63,110,108,60,68,242,197,18,23
CXB-223_D104_04,286,1337,22,21,82,86,150,147,82,93,330,269,24,31
CXB-223_D104_05,177,829,13,13,51,53,93,91,51,58,205,167,15,19
CXB-223_D104_06,226,1056,17,16,65,68,118,116,65,74,261,213,19,25
CXB-223_D104_07,278,1299,21,20,80,84,145,143,80,90,321,261,23,30
CXB-223_E105_01,196,938,13,13,56,55,105,112,62,68,228,184,19,23
CXB-223_E105_02,114,547,8,7,33,32,61,65,36,40,133,107,11,13
CXB-223_E105_03,208,998,14,14,60,59,111,119,66,72,243,196,20,25
CXB-223_E105_04,209,1002,14,14,60,59,112,120,66,72,244,197,20,25
CXB-223_E105_05,298,1429,20,19,86,84,159,170,94,103,348,281,29,35
CXB-223_E105_06,203,970,13,13,58,57,108,116,64,70,236,191,20,24
CXB-223_F106_01,250,1179,15,17,74,80,130,126,74,85,286,242,22,29
CXB-223_F106_02,171,807,10,12,51,55,89,87,50,58,195,166,15,20
CXB-223_F106_03,190,895,11,13,56,61,99,96,56,64,217,184,16,22
CXB-223_F106_04,158,744,10,11,47,51,82,80,46,54,180,153,14,18
CXB-223_F106_05,103,485,6,7,30,33,54,52,30,35,118,100,9,12
CXB-223_F106_06,230,1084,14,16,68,74,120,116,68,78,263,223,20,26
CXB-223_F106_07,69,328,4,5,21,22,36,35,20,24,79,67,6,8
CXB-223_F106_08,290,1368,17,20,86,93,151,147,85,98,331,281,25,33
CXB-223_G107_01,181,873,9,12,51,57,92,100,59,67,213,177,15,22
CXB-223_G107_02,203,982,11,14,57,64,103,112,66,75,239,199,17,25
CXB-223_G107_03,103,497,5,7,29,32,52,57,33,38,121,100,9,13
CXB-223_G107_04,170,822,9,12,48,54,86,94,55,63,200,166,14,21
CXB-223_G107_05,213,1028,11,15,60,67,108,118,69,79,251,208,18,26
CXB-223_G107_06,73,354,4,5,21,23,37,41,24,27,86,72,6,9
CXB-223_G107_07,233,1125,12,16,65,73,118,129,76,86,274,228,20,28
CXB-223_G107_08,181,873,9,12,51,57,92,100,59,67,213,177,15,22
CXB-223_H108_01,138,656,8,10,46,43,74,75,42,47,161,124,10,15
CXB-223_H108_02,160,758,9,12,53,50,85,87,48,55,186,143,12,17
CXB-223_H108_03,161,762,10,12,53,50,86,88,48,55,187,144,12,17
CXB-223_H108_04,263,1249,16,19,87,82,141,143,79,90,307,236,20,28
CXB-223_H108_05,192,910,11,14,64,60,103,105,58,66,224,172,14,21
CXB-223_H108_06,131,622,8,10,43,41,70,71,40,45,153,118,10,14
CXB-223_H108_07,162,766,10,12,53,50,86,88,49,55,188,145,12,17
CXB-223_H108_08,195,923,12,14,64,60,104,106,59,66,227,174,15,21
CXB-223_H108_09,166,787,10,12,55,51,89,90,50,57,194,149,12,18
CXB-224_A109_01,126,593,7,7,41,41,62,65,41,45,142,123,10,12
CXB-224_A109_02,296,1399,16,16,96,97,146,152,97,105,334,289,23,28
CXB-224_A109_03,151,715,8,8,49,49,75,78,49,54,171,148,12,14
CXB-224_A109_04,130,613,7,7,42,42,64,67,42,46,146,127,10,12
CXB-224_A109_05,280,1323,15,15,90,91,138,144,92,99,316,274,22,27
CXB-224_A109_06,336,1586,18,18,108,110,165,173,110,119,379,328,26,32
CXB-224_A109_07,57,269,3,3,18,19,28,29,19,20,64,56,4,5
CXB-224_A109_08,74,350,4,4,24,24,36,38,24,26,84,72,6,7
CXB-224_B110_01,144,659,8,10,42,45,69,71,46,45,166,131,10,16
CXB-224_B110_02,60,277,3,4,18,19,29,30,19,19,70,55,4,7
CXB-224_B110_03,56,258,3,4,16,17,27,28,18,17,65,51,4,6
CXB-224_B110_04,254,1163,14,18,74,79,123,125,81,79,293,232,18,29
CXB-224_B110_05,104,477,6,7,30,32,50,51,33,32,120,95,7,12
CXB-224_B110_06,92,421,5,6,27,28,44,45,29,29,106,84,7,10
CXB-224_C111_01,90,427,7,5,30,29,47,49,31,32,100,84,6,7
CXB-224_C111_02,115,546,9,6,38,37,60,62,40,41,128,107,8,9
CXB-224_C111_03,159,753,12,8,53,52,83,86,55,56,176,147,11,13
CXB-224_C111_04,130,614,10,7,43,42,68,70,45,46,144,120,9,10
CXB-224_C111_05,212,1003,16,11,71,69,110,114,73,75,235,196,15,17
CXB-224_C111_06,163,770,12,9,54,53,85,88,56,58,180,151,12,13
CXB-224_D112_01,60,268,4,4,18,19,28,32,18,18,62,52,5,5
CXB-224_D112_02,113,508,8,8,35,37,53,62,34,34,118,99,10,10
CXB-224_D112_03,98,439,7,7,30,32,46,53,30,29,102,85,9,9
CXB-224_D112_04,106,475,8,7,33,34,50,58,32,32,110,92,9,10
CXB-224_D112_05,72,323,5,5,22,23,34,39,22,22,75,63,6,7
CXB-224_D112_06,157,706,11,11,49,51,74,86,48,47,164,137,14,14
CXB-224_D112_07,100,450,7,7,31,32,47,55,31,30,105,87,9,9
CXB-224_D112_08,50,223,4,3,15,16,23,27,15,15,52,43,4,5
CXB-232_A164_01,NA,NA,NA,NA,NA,NA,NA,NA,NA,NA,NA,NA,NA,NA
CXB-232_B165_01,162,587,14,9,47,44,50,62,36,32,140,124,10,18
CXB-232_B165_02,163,589,15,9,48,45,50,62,36,32,140,124,11,18
CXB-232_C166_01,204,939,22,19,72,75,94,101,40,54,229,203,11,18
CXB-232_C166_02,159,733,17,15,57,58,73,79,32,43,179,158,8,14
CXB-232_C166_03,56,259,6,5,20,21,26,28,11,15,63,56,3,5
CXB-232_E160_01,NA,NA,NA,NA,NA,NA,NA,NA,NA,NA,NA,NA,NA,NA
CXB-232_F161_01,34,152,2,4,12,13,13,10,9,12,37,35,2,3
CXB-232_H162_01,40,211,6,11,15,18,12,23,14,15,51,42,1,3
CXB-232_I163_01,51,238,9,5,19,17,19,14,4,12,74,58,3,4
CXB-233_A139_01,188,876,12,11,53,55,95,104,66,68,227,154,13,19
CXB-233_A139_02,193,899,12,11,54,56,98,107,68,70,233,158,14,19
CXB-233_A139_03,366,1704,23,21,103,107,185,202,128,133,441,300,26,36
CXB-233_A139_04,165,769,11,9,46,48,83,91,58,60,199,135,12,16
CXB-233_A139_05,173,805,11,10,48,50,87,95,61,63,208,142,12,17
CXB-233_B140_01,147,630,8,10,35,34,71,71,51,53,158,119,10,10
CXB-233_B140_02,245,1050,14,16,59,57,119,119,84,88,263,199,16,16
CXB-233_B140_03,248,1063,14,16,59,58,120,120,85,89,267,202,17,16
CXB-233_B140_04,350,1497,19,23,84,81,169,169,120,125,376,284,23,23
CXB-233_C141_01,325,1383,23,16,88,83,160,168,95,100,348,259,19,24
CXB-233_C141_02,255,1085,18,13,69,65,126,131,74,78,273,203,15,19
CXB-233_C141_03,299,1274,21,15,81,77,148,154,87,92,321,238,18,22
CXB-233_C141_04,121,515,8,6,33,31,60,62,35,37,130,96,7,9
CXB-233_D142_01,85,363,4,5,25,24,42,44,23,25,93,67,5,6
CXB-233_D142_02,125,538,6,8,37,36,62,64,35,37,138,100,7,9
CXB-233_D142_03,131,563,6,8,39,37,64,68,36,39,144,104,8,9
CXB-233_D142_04,266,1139,12,17,79,75,130,136,73,79,292,211,15,19
CXB-233_E143_01,101,526,6,8,29,32,60,63,33,40,134,104,8,10
CXB-233_E143_02,142,740,9,11,41,44,85,88,47,56,188,146,11,14
CXB-233_E143_03,97,508,6,8,28,31,58,61,32,38,129,100,8,9
CXB-233_E143_04,97,508,6,8,28,31,58,61,32,38,129,100,8,9
CXB-233_E143_05,222,1157,14,17,64,69,133,138,73,88,294,228,17,21
CXB-233_E143_06,27,141,2,2,8,8,16,17,9,11,36,28,2,3
CXB-233_F144_01,111,511,7,5,23,31,64,66,37,37,127,96,7,10
CXB-233_F144_02,205,941,13,9,43,58,118,121,69,67,234,177,13,18
CXB-233_F144_03,48,220,3,2,10,14,28,28,16,16,55,41,3,4
CXB-233_F144_04,167,768,11,7,35,47,97,99,56,55,191,145,10,15
CXB-233_F144_05,121,557,8,5,26,34,70,72,41,40,139,105,8,11
CXB-233_F144_06,89,407,6,4,19,25,51,53,30,29,101,77,6,8
CXB-233_G145_01,239,1096,12,11,56,57,126,131,82,72,290,208,23,27
CXB-233_G145_02,5,22,0,0,1,1,3,3,2,1,6,4,0,1
CXB-233_G145_03,153,704,8,7,36,37,81,84,53,46,186,134,15,18
CXB-233_G145_04,80,366,4,4,19,19,42,44,27,24,97,70,8,9
CXB-233_G145_05,11,51,1,1,3,3,6,6,4,3,13,10,1,1
